タイトル,メモ,URL,タグ,コメント
,,,,
アジア食堂ココナッツ 吉祥寺 ハーモニカ横丁,"店内一階席がワンコ🆗です
ワンコメニューもあります。",https://www.google.com/maps/place/%E3%82%A2%E3%82%B8%E3%82%A2%E9%A3%9F%E5%A0%82%E3%82%B3%E3%82%B3%E3%83%8A%E3%83%83%E3%83%84+%E5%90%89%E7%A5%A5%E5%AF%BA+%E3%83%8F%E3%83%BC%E3%83%A2%E3%83%8B%E3%82%AB%E6%A8%AA%E4%B8%81/data=!4m2!3m1!1s0x6018ee47e6569773:0x33e7360f77724c39,,
熱海銀座おさかな食堂はなれ,"モーニングのみインナーテラス席ワンコ🆗です。
繁忙期はNGにしているらしく時期は要問合せ",https://www.google.com/maps/place/%E7%86%B1%E6%B5%B7%E9%8A%80%E5%BA%A7%E3%81%8A%E3%81%95%E3%81%8B%E3%81%AA%E9%A3%9F%E5%A0%82%E3%81%AF%E3%81%AA%E3%82%8C/data=!4m2!3m1!1s0x6019bfb6e6de6dd1:0xf6f9fcdfe405123f,,
ドッグカフェ＆パンケーキ Latere Garden 横浜/みなとみらい,"店内ワンコ🆗です
室内と室外でドッグランあり",https://www.google.com/maps/place/%E3%83%89%E3%83%83%E3%82%B0%E3%82%AB%E3%83%95%E3%82%A7%EF%BC%86%E3%83%91%E3%83%B3%E3%82%B1%E3%83%BC%E3%82%AD+Latere+Garden+%E6%A8%AA%E6%B5%9C%2F%E3%81%BF%E3%81%AA%E3%81%A8%E3%81%BF%E3%82%89%E3%81%84/data=!4m2!3m1!1s0x60185d1db3f8d19d:0x43fece7d13fef32d,,
Oklm(オーケーエルエム),店内ワンコ🆗です,https://www.google.com/maps/place/Oklm(%E3%82%AA%E3%83%BC%E3%82%B1%E3%83%BC%E3%82%A8%E3%83%AB%E3%82%A8%E3%83%A0)/data=!4m2!3m1!1s0x6018f1e35da7a5cd:0xbe377f282952fefb,,
隆昌園,店内ワンコ🆗です,https://www.google.com/maps/place/%E9%9A%86%E6%98%8C%E5%9C%92/data=!4m2!3m1!1s0x60185ce37ecb1901:0x935fdff033eed3b1,,
Dog Socialize Club,室内ドッグラン、カフェ併設,https://www.google.com/maps/place/Dog+Socialize+Club/data=!4m2!3m1!1s0x6018f3e5f803028f:0x8ef8242bdb13646,,
フジマルサイゴンプロパガンダ,外席ワンコ🆗です,https://www.google.com/maps/place/%E3%83%95%E3%82%B8%E3%83%9E%E3%83%AB%E3%82%B5%E3%82%A4%E3%82%B4%E3%83%B3%E3%83%97%E3%83%AD%E3%83%91%E3%82%AC%E3%83%B3%E3%83%80/data=!4m2!3m1!1s0x6018f5ac5fbe8c29:0xcf802f0b4d3fe44,,
栄茶屋 本店,"外卓ワンコ🆗です
屋根あり、ワンコのお水も頂けます",https://www.google.com/maps/place/%E6%A0%84%E8%8C%B6%E5%B1%8B+%E6%9C%AC%E5%BA%97/data=!4m2!3m1!1s0x60191be1e355c8e1:0xcbef4821f13b0f65,,
Himono Dining かまなり atami Dried fish cuisine restaurant,"店内ワンコ🆗、店奥の個室のみで、店裏の個室への直接入口から入店。
モーニングあり。
店頭の足湯はワンコ🆖だけど、足湯席への同伴自体は🆗",https://www.google.com/maps/place/Himono+Dining+%E3%81%8B%E3%81%BE%E3%81%AA%E3%82%8A+atami+Dried+fish+cuisine+restaurant/data=!4m2!3m1!1s0x6019be66fcfbb0ef:0x1288bb3360f2042f,,
Natural BASE,店内ワンコ🆗です,https://www.google.com/maps/place/Natural+BASE/data=!4m2!3m1!1s0x6018f102eb405dc3:0x8e022575feb42ded,,
指定した地点,"1YY Club というキッチンカースペースあり
イートインスペースがありワンコ🆗
寒気はコタツ席あり","https://www.google.com/maps/search/35.6442834,139.5364902",,
NEAR MINT TOKYO,店内ワンコ🆗です,https://www.google.com/maps/place/NEAR+MINT+TOKYO/data=!4m2!3m1!1s0x6018f3d92c4c5a59:0x5876011b79a51569,,
美麗,"外席ベンチでテイクアウト等で利用可
店内に看板犬がいますが、他のワンコが苦手のため、店内はワンコ不可",https://www.google.com/maps/place/%E7%BE%8E%E9%BA%97/data=!4m2!3m1!1s0x6018f342c0765fc5:0x45b9bacf7c649aa3,,
紅茶専門店T78,テラス席ワンコ🆗です,https://www.google.com/maps/place/%E7%B4%85%E8%8C%B6%E5%B0%82%E9%96%80%E5%BA%97T78/data=!4m2!3m1!1s0x6018e7000e261e2b:0x30f7a4f4e029210d,,
おでんとザンギ ニュータカハタ,"インナーテラス席ワンコ🆗です。
日除け雨除け風除け暖房もあり。
10名前後まで宴会可能。",https://www.google.com/maps/place/%E3%81%8A%E3%81%A7%E3%82%93%E3%81%A8%E3%82%B6%E3%83%B3%E3%82%AE+%E3%83%8B%E3%83%A5%E3%83%BC%E3%82%BF%E3%82%AB%E3%83%8F%E3%82%BF/data=!4m2!3m1!1s0x6018e300041986ff:0x9de678552e55fa8b,,
山田屋,"店内は条件付きでワンコ🆗。
おとなしく出来て他客が問題なければ店内利用可能。
東京競馬場G1開催日、または暖期の他会場G1開催日は外席が設置され山田屋だけでなく他の隣店もワンコ🆗。",https://www.google.com/maps/place/%E5%B1%B1%E7%94%B0%E5%B1%8B/data=!4m2!3m1!1s0x6018e4e704119861:0x65602c3c9c39675c,,
T-Garden House,"テラス席ワンコ🆗です。
2025年は夏季のみ1階室内席が利用出来ました。",https://www.google.com/maps/place/T-Garden+House/data=!4m2!3m1!1s0x6018e71185c88351:0x740b04ad53d0f9ed,,
SOIGIN COFFEE hasami,外席ベンチあり,https://www.google.com/maps/place/SOIGIN+COFFEE+hasami/data=!4m2!3m1!1s0x6018e5007de91a1f:0x399d8122d72f13fa,,
府中で野菜を食べるなら医食屋nobu発酵野菜・自然食,店内ワンコ🆗です。カフェマット必須。,https://www.google.com/maps/place/%E5%BA%9C%E4%B8%AD%E3%81%A7%E9%87%8E%E8%8F%9C%E3%82%92%E9%A3%9F%E3%81%B9%E3%82%8B%E3%81%AA%E3%82%89%E5%8C%BB%E9%A3%9F%E5%B1%8Bnobu%E7%99%BA%E9%85%B5%E9%87%8E%E8%8F%9C%E3%83%BB%E8%87%AA%E7%84%B6%E9%A3%9F/data=!4m2!3m1!1s0x6018e4fb9596aaab:0xc2635a3889954140,,
Cafe Buena Vista/カフェブエナビスタ,"店内・テラス席ともにワンコ🆗です。
モーニングあり。",https://www.google.com/maps/place/Cafe+Buena+Vista%2F%E3%82%AB%E3%83%95%E3%82%A7%E3%83%96%E3%82%A8%E3%83%8A%E3%83%93%E3%82%B9%E3%82%BF/data=!4m2!3m1!1s0x6018f13af782913d:0x931fb9bf1e915804,,
神代植物公園 ドッグラン,,https://www.google.com/maps/place/%E7%A5%9E%E4%BB%A3%E6%A4%8D%E7%89%A9%E5%85%AC%E5%9C%92+%E3%83%89%E3%83%83%E3%82%B0%E3%83%A9%E3%83%B3/data=!4m2!3m1!1s0x6018f020d6dbfa45:0x449aefafa7d280b,,
Cafe&Barありんこ,店内ワンコ🆗です,https://www.google.com/maps/place/Cafe%26Bar%E3%81%82%E3%82%8A%E3%82%93%E3%81%93/data=!4m2!3m1!1s0x6018f5f9e50e9b31:0xefc4a940ba6877f4,,
麺屋 ＯＨＡＮＡ,店内ワンコ🆗です,https://www.google.com/maps/place/%E9%BA%BA%E5%B1%8B+%EF%BC%AF%EF%BC%A8%EF%BC%A1%EF%BC%AE%EF%BC%A1/data=!4m2!3m1!1s0x6018f5a48deb7201:0x57dc280c65cd33c8,,
六甲山,"テラス席ワンコ🆗です。
多摩地区で唯一の安芸高田焼きの提供店",https://www.google.com/maps/place/%E5%85%AD%E7%94%B2%E5%B1%B1/data=!4m2!3m1!1s0x6018e5807aa54103:0x86d8d6b32f920613,,
かぶとパン・かぶとめし,外席ワンコ🆗です,https://www.google.com/maps/place/%E3%81%8B%E3%81%B6%E3%81%A8%E3%83%91%E3%83%B3%E3%83%BB%E3%81%8B%E3%81%B6%E3%81%A8%E3%82%81%E3%81%97/data=!4m2!3m1!1s0x6018e592d4cbaaab:0x56720f4ace68bec3,,
浄土宗 大蓮寺（照曜会館）,月1回ワンコマルシェを開催,https://www.google.com/maps/place/%E6%B5%84%E5%9C%9F%E5%AE%97+%E5%A4%A7%E8%93%AE%E5%AF%BA%EF%BC%88%E7%85%A7%E6%9B%9C%E4%BC%9A%E9%A4%A8%EF%BC%89/data=!4m2!3m1!1s0x6018f428ef0155ed:0x912a879cb41100f5,,
デモデヘブン 福生店,"店内テラス席ワンコ🆗です。
※2025/04/20から店内はワンコ利用禁止になっていましたが、2025/12/05からまた店内🆗になりました",https://www.google.com/maps/place/%E3%83%87%E3%83%A2%E3%83%87%E3%83%98%E3%83%96%E3%83%B3+%E7%A6%8F%E7%94%9F%E5%BA%97/data=!4m2!3m1!1s0x6019203ac0b8d493:0x3164c21f5abaff51,,
アンティークダイニング 甘蔵,"中庭テラス席ワンコ🆗です
屋根付き、コタツ席、暖房完備、天気良ければ冬でも過ごせそう。",https://www.google.com/maps/place/%E3%82%A2%E3%83%B3%E3%83%86%E3%82%A3%E3%83%BC%E3%82%AF%E3%83%80%E3%82%A4%E3%83%8B%E3%83%B3%E3%82%B0+%E7%94%98%E8%94%B5/data=!4m2!3m1!1s0x601920335ece3767:0x4293c0d919b083e8,,
カフェ開,"テラス席とサンルームがワンコ🆗らしいです。
テラス席は屋根付き風防あり。",https://www.google.com/maps/place/%E3%82%AB%E3%83%95%E3%82%A7%E9%96%8B/data=!4m2!3m1!1s0x6018e49cf922342b:0xf63351040c0bdaf7,,
スリーアローズブルーイング,店内立ち飲み。店内と外のテラス席がワンコ🆗,https://www.google.com/maps/place/%E3%82%B9%E3%83%AA%E3%83%BC%E3%82%A2%E3%83%AD%E3%83%BC%E3%82%BA%E3%83%96%E3%83%AB%E3%83%BC%E3%82%A4%E3%83%B3%E3%82%B0/data=!4m2!3m1!1s0x6018e50075348823:0x5fef25505e3f4b47,,
干物ダイニング yoshi‐魚‐tei,"テラス席2卓ワンコ🆗です。
寒期はビニールカーテンでインナーテラスで実質店内となるため、カートやバッグ等で全身覆う状態のみ🆗だそうです。",https://www.google.com/maps/place/%E5%B9%B2%E7%89%A9%E3%83%80%E3%82%A4%E3%83%8B%E3%83%B3%E3%82%B0+yoshi%E2%80%90%E9%AD%9A%E2%80%90tei/data=!4m2!3m1!1s0x6019be6774941c11:0xeabdf50fab5dbcba,,
ジェラテリア La DOPPIETTA,店内イートインスペースが、小型犬抱っこなら🆗です,https://www.google.com/maps/place/%E3%82%B8%E3%82%A7%E3%83%A9%E3%83%86%E3%83%AA%E3%82%A2+La+DOPPIETTA/data=!4m2!3m1!1s0x6019be6657dfe315:0xfa198121f6aea370,,
韓国料理屋ハニャン,"店内ワンコ🆗です。2階&店内狭めなのでカートは不可。
8名くらいまではまとまったテーブルスペースで利用可能。",https://www.google.com/maps/place/%E9%9F%93%E5%9B%BD%E6%96%99%E7%90%86%E5%B1%8B%E3%83%8F%E3%83%8B%E3%83%A3%E3%83%B3/data=!4m2!3m1!1s0x6018f3007a2a0591:0x785e5655cf5fe2c5,,
カフェしろくま,土曜日限定で店内ワンコ🆗です,https://www.google.com/maps/place/%E3%82%AB%E3%83%95%E3%82%A7%E3%81%97%E3%82%8D%E3%81%8F%E3%81%BE/data=!4m2!3m1!1s0x6018e3b1fc80fbaf:0x6a11b68390368797,,
脇町珈琲,空いていれば外席ベンチでワンコ🆗らしいです,https://www.google.com/maps/place/%E8%84%87%E7%94%BA%E7%8F%88%E7%90%B2/data=!4m2!3m1!1s0x6018e566619cc099:0x8f565c8a11e5e64d,,
スターバックス コーヒー 府中西府店,テラス席ワンコ🆗です,https://www.google.com/maps/place/%E3%82%B9%E3%82%BF%E3%83%BC%E3%83%90%E3%83%83%E3%82%AF%E3%82%B9+%E3%82%B3%E3%83%BC%E3%83%92%E3%83%BC+%E5%BA%9C%E4%B8%AD%E8%A5%BF%E5%BA%9C%E5%BA%97/data=!4m2!3m1!1s0x6018e5002dadd9e9:0x899e7841c35f64ae,,
ＮＯＭＡ(ノマ),"二階がフードコート的な飲食スペース。
テラス席ワンコ🆗です",https://www.google.com/maps/place/%EF%BC%AE%EF%BC%AF%EF%BC%AD%EF%BC%A1(%E3%83%8E%E3%83%9E)/data=!4m2!3m1!1s0x6018f5002f0accaf:0x17003ed340343f48,,
.28 ventotto（ヴェントット）,店内ワンコ🆗です,https://www.google.com/maps/place/.28+ventotto%EF%BC%88%E3%83%B4%E3%82%A7%E3%83%B3%E3%83%88%E3%83%83%E3%83%88%EF%BC%89/data=!4m2!3m1!1s0x6018e1002fc7ff91:0x438e39276e4bec16,,
Café 花楸樹 -ナナカマド-,"店内ワンコ🆗です
めずらしい旧ソ連料理が楽しめる",https://www.google.com/maps/place/Caf%C3%A9+%E8%8A%B1%E6%A5%B8%E6%A8%B9+-%E3%83%8A%E3%83%8A%E3%82%AB%E3%83%9E%E3%83%89-/data=!4m2!3m1!1s0x6018f363250a5be9:0x164e013073740ce,,
オーキードギー,店内ワンコ🆗です,https://www.google.com/maps/place/%E3%82%AA%E3%83%BC%E3%82%AD%E3%83%BC%E3%83%89%E3%82%AE%E3%83%BC/data=!4m2!3m1!1s0x6018f50008e6bd63:0x6faa5a526cfcab35,,
WISE MAN COFFEE 武蔵小金井駅南口店,"外席に4人卓が一つありワンコ🆗。
マンションの屋根下で日除け雨避けあり。",https://www.google.com/maps/place/WISE+MAN+COFFEE+%E6%AD%A6%E8%94%B5%E5%B0%8F%E9%87%91%E4%BA%95%E9%A7%85%E5%8D%97%E5%8F%A3%E5%BA%97/data=!4m2!3m1!1s0x6018e5d77b6bd281:0x2decf20df4956047,,
マクドナルド 東八道路野崎店,テラス席ワンコ🆗です,https://www.google.com/maps/place/%E3%83%9E%E3%82%AF%E3%83%89%E3%83%8A%E3%83%AB%E3%83%89+%E6%9D%B1%E5%85%AB%E9%81%93%E8%B7%AF%E9%87%8E%E5%B4%8E%E5%BA%97/data=!4m2!3m1!1s0x6018efee0c5ee28d:0x99a293c60dbb8f58,,
PAWHAUS / パウハウス インドアドッグラン,"2階に室内ドッグラン
1階はアンティークショップでカフェ併設で店内ワンコ🆗",https://www.google.com/maps/place/PAWHAUS+%2F+%E3%83%91%E3%82%A6%E3%83%8F%E3%82%A6%E3%82%B9+%E3%82%A4%E3%83%B3%E3%83%89%E3%82%A2%E3%83%89%E3%83%83%E3%82%B0%E3%83%A9%E3%83%B3/data=!4m2!3m1!1s0x6018f3700820c533:0x1cb369eeaab0c226,,
HATOS OUTSIDE,"店内ワンコ🆗です
カレーとクラフトビールが美味しい",https://www.google.com/maps/place/HATOS+OUTSIDE/data=!4m2!3m1!1s0x6018f3a566840001:0x71cd54f0dbea5b89,,
ウブナーサリー&ホテル,室内ドッグラン、持ち込み自由、貸切なども可能,https://www.google.com/maps/place/%E3%82%A6%E3%83%96%E3%83%8A%E3%83%BC%E3%82%B5%E3%83%AA%E3%83%BC%26%E3%83%9B%E3%83%86%E3%83%AB/data=!4m2!3m1!1s0x6018f37ecd4d7989:0x31ebd9b8ac0a3d28,,
Tinno Coffee,店内ワンコ🆗です,https://www.google.com/maps/place/Tinno+Coffee/data=!4m2!3m1!1s0x6018f179ecdfddc7:0xb5df6ab538e94c70,,
農家のイタリアン 3.14,テラス席ワンコ🆗です,https://www.google.com/maps/place/%E8%BE%B2%E5%AE%B6%E3%81%AE%E3%82%A4%E3%82%BF%E3%83%AA%E3%82%A2%E3%83%B3+3.14/data=!4m2!3m1!1s0x60192033a732caeb:0x9035a5bb8c4e383,,
マクドナルド 聖蹟桜ヶ丘店,テラス席ワンコ🆗です,https://www.google.com/maps/place/%E3%83%9E%E3%82%AF%E3%83%89%E3%83%8A%E3%83%AB%E3%83%89+%E8%81%96%E8%B9%9F%E6%A1%9C%E3%83%B6%E4%B8%98%E5%BA%97/data=!4m2!3m1!1s0x6018e361c3ad56c9:0x458e8c36af7e24a4,,
Cat's Pajamas,"コーヒー特化のシェアカフェ。
曜日昼夜により店舗が異なります
店内ワンコ🆗",https://www.google.com/maps/place/Cat's+Pajamas/data=!4m2!3m1!1s0x6018e5003c821941:0x44e67a4a9463e2e3,,
Cafe コットン畑,"テラス席ワンコ🆗
就労継続支援B型事業所。ホールスタッフは就労トレーニングが目的の接客なのでご承知おきください。",https://www.google.com/maps/place/Cafe+%E3%82%B3%E3%83%83%E3%83%88%E3%83%B3%E7%95%91/data=!4m2!3m1!1s0x6018e4eff7fa09a3:0x319aeec3204f2aa2,,
Doggy’s Camp（ドギーズキャンプ）室内ドッグラン,室内ドッグラン,https://www.google.com/maps/place/Doggy%E2%80%99s+Camp%EF%BC%88%E3%83%89%E3%82%AE%E3%83%BC%E3%82%BA%E3%82%AD%E3%83%A3%E3%83%B3%E3%83%97%EF%BC%89%E5%AE%A4%E5%86%85%E3%83%89%E3%83%83%E3%82%B0%E3%83%A9%E3%83%B3/data=!4m2!3m1!1s0x6018f595896b9303:0x820fd410f7f89175,,
京都ラーメン よこ川,"外席があってワンコと一緒食べられます
となりの呑み屋のもつしげさんの外席も利用出来ます(系列店)",https://www.google.com/maps/place/%E4%BA%AC%E9%83%BD%E3%83%A9%E3%83%BC%E3%83%A1%E3%83%B3+%E3%82%88%E3%81%93%E5%B7%9D/data=!4m2!3m1!1s0x6018e50033138905:0xa50b659bfd8a2bba,,
もつしげ 府中店,暖季は外席が出てワンコ🆗です,https://www.google.com/maps/place/%E3%82%82%E3%81%A4%E3%81%97%E3%81%92+%E5%BA%9C%E4%B8%AD%E5%BA%97/data=!4m2!3m1!1s0x6018e5c8958f57b1:0xfacabdc8059b849d,,
Pizzeria CERVO,"テラス席ワンコ🆗です。
予約貸切すればリードフリーで過ごせます。",https://www.google.com/maps/place/Pizzeria+CERVO/data=!4m2!3m1!1s0x6018e7ccfa554a29:0x6a9938bf9a56fc45,,
ESKY COFFEE By Izzy's Cafe,テラス席ワンコ🆗です,https://www.google.com/maps/place/ESKY+COFFEE+By+Izzy's+Cafe/data=!4m2!3m1!1s0x6018f57107e0e3e5:0x1ad3fbb0c840a4f2,,
Vege-Plant Cafe Bar LEBRO【レブロ】,"テラス席2卓がワンコ🆗です。
テイクアウトも豊富。生田緑地で頂くのもよい。",https://www.google.com/maps/place/Vege-Plant+Cafe+Bar+LEBRO%E3%80%90%E3%83%AC%E3%83%96%E3%83%AD%E3%80%91/data=!4m2!3m1!1s0x6018f1155a57109b:0x3b1d46f022f7e59e,,
Tiam,テラス席ワンコ🆗です,https://www.google.com/maps/place/Tiam/data=!4m2!3m1!1s0x6018fbd90a3d9ef3:0x1e81c194be5b5f8f,,
メディバル × タニタカフェ 東府中,"テラス席ワンコ🆗です。屋根ありヒーターあり。
モバイルオーダー。
ワンコ同伴はルールがいろいろ決められてるので要確認。
床下かカートのみ🆗、イス上と飼い主膝上は🆖。",https://www.google.com/maps/place/%E3%83%A1%E3%83%87%E3%82%A3%E3%83%90%E3%83%AB+%C3%97+%E3%82%BF%E3%83%8B%E3%82%BF%E3%82%AB%E3%83%95%E3%82%A7+%E6%9D%B1%E5%BA%9C%E4%B8%AD/data=!4m2!3m1!1s0x6018e50052c5fb33:0x4cff8fc2c4999289,,
中華ダイニング いろは,"店内ワンコ🆗です
看板犬でマルプーちゃんいます",https://www.google.com/maps/place/%E4%B8%AD%E8%8F%AF%E3%83%80%E3%82%A4%E3%83%8B%E3%83%B3%E3%82%B0+%E3%81%84%E3%82%8D%E3%81%AF/data=!4m2!3m1!1s0x6018e5a7b2bbafff:0xbfe736cb276a946,,
Café Brico,"インナーテラス席がワンコ🆗です。
屋根付き、ヒーターあり。",https://www.google.com/maps/place/Caf%C3%A9+Brico/data=!4m2!3m1!1s0x6018e5f2c9fb867d:0xabe7e23dc06057df,,
アンオフィシャル,外席ワンコ🆗、購入した生洋菓子・焼き菓子等のイートインやドリンクメニューあり,https://www.google.com/maps/place/%E3%82%A2%E3%83%B3%E3%82%AA%E3%83%95%E3%82%A3%E3%82%B7%E3%83%A3%E3%83%AB/data=!4m2!3m1!1s0x6018e529e358007d:0xbf2e7e27a64f9b46,,
農食（NOUSHOKU）レストラン＆ショップ,テラス席ワンコ🆗です,https://www.google.com/maps/place/%E8%BE%B2%E9%A3%9F%EF%BC%88NOUSHOKU%EF%BC%89%E3%83%AC%E3%82%B9%E3%83%88%E3%83%A9%E3%83%B3%EF%BC%86%E3%82%B7%E3%83%A7%E3%83%83%E3%83%97/data=!4m2!3m1!1s0x6018e50076ec9a31:0x89e30ae239e2712f,,
HanBunLong studio,撮影スタジオ,https://www.google.com/maps/place/HanBunLong+studio/data=!4m2!3m1!1s0x60188f1e69753217:0x2254d6d3d797a9a,,
ADAGIO CAFE,店内ワンコ🆗です,https://www.google.com/maps/place/ADAGIO+CAFE/data=!4m2!3m1!1s0x60188f3140eafbdd:0x7ffedc833f258d15,,
DOGGY.LAB,店内ワンコ🆗です。ワンコごはんを販売していて店内で頂くことも可能。,https://www.google.com/maps/place/DOGGY.LAB/data=!4m2!3m1!1s0x60185fe59b916629:0xdf1455978c7371d0,,
酒肴とんかもん,店内一部エリアがワンコ🆗,https://www.google.com/maps/place/%E9%85%92%E8%82%B4%E3%81%A8%E3%82%93%E3%81%8B%E3%82%82%E3%82%93/data=!4m2!3m1!1s0x6018f5b79dd14c95:0xb87a618b236b20ce,,
（株）安田商店,"韓国食品店。各種韓国食材やお弁当やキムチを販売。
店頭に外卓がありワンコとイートイン🆗",https://www.google.com/maps/place/%EF%BC%88%E6%A0%AA%EF%BC%89%E5%AE%89%E7%94%B0%E5%95%86%E5%BA%97/data=!4m2!3m1!1s0x6018faa0576ea0ff:0x83192dab796ec950,,
Café そらいろ,テラス席ワンコ🆗です。屋根ありで日除け雨除けあり,https://www.google.com/maps/place/Caf%C3%A9+%E3%81%9D%E3%82%89%E3%81%84%E3%82%8D/data=!4m2!3m1!1s0x6018e5dc32dead0d:0x8139d07aa15738b5,,
リンカラン,カフェスローに併設、テラス席でイートイン出来る,https://www.google.com/maps/place/%E3%83%AA%E3%83%B3%E3%82%AB%E3%83%A9%E3%83%B3/data=!4m2!3m1!1s0x6018e5218de3dccd:0x892579d656dedbd7,,
HIDAMARI cafe,"庭園にテラス席ありワンコ🆗。
ドッグランあり。ラン利用には要マナーパンツ。",https://www.google.com/maps/place/HIDAMARI+cafe/data=!4m2!3m1!1s0x6018e1df2bf4e9d7:0xe4a0330f0873e526,,
Ｄ‐ｋｉｔｃｈｅｎ＆鍼灸BODYCARE,"テラス席ワンコ🆗です。
木曜日の昼のみ営業中。",https://www.google.com/maps/place/%EF%BC%A4%E2%80%90%EF%BD%8B%EF%BD%89%EF%BD%94%EF%BD%83%EF%BD%88%EF%BD%85%EF%BD%8E%EF%BC%86%E9%8D%BC%E7%81%B8BODYCARE/data=!4m2!3m1!1s0x6018e37edb866fb1:0xfe946fee6ec1a25d,,
とりときハウス,"2025.04頃を目処にギャラリーカフェがオープン予定。
店内のベンチ席がワンコ🆗です。",https://www.google.com/maps/place/%E3%81%A8%E3%82%8A%E3%81%A8%E3%81%8D%E3%83%8F%E3%82%A6%E3%82%B9/data=!4m2!3m1!1s0x6018e59b9c0bfbe9:0x9d384a19d006be3c,,
イタリアンレストラン 福生のビール小屋,"テラス席ワンコ🆗です。
席によって屋根あり。",https://www.google.com/maps/place/%E3%82%A4%E3%82%BF%E3%83%AA%E3%82%A2%E3%83%B3%E3%83%AC%E3%82%B9%E3%83%88%E3%83%A9%E3%83%B3+%E7%A6%8F%E7%94%9F%E3%81%AE%E3%83%93%E3%83%BC%E3%83%AB%E5%B0%8F%E5%B1%8B/data=!4m2!3m1!1s0x60191f9a55f6e41f:0xb7f2297e2869b468,,
BRING CIRCULAR TAKAO,テラス席ワンコ🆗です。テント席あり。グランピングみたいな雰囲気が味わえる。,https://www.google.com/maps/place/BRING+CIRCULAR+TAKAO/data=!4m2!3m1!1s0x6019192742d6e795:0x24634d513e5e3492,,
カツミ軒,外席ワンコ🆗です。冬はヒーター出してくれます。ワンコ向けにチャーシューを出してくれますが、おそらくヒト用で少し味もついている感じなので小型犬や疾患のある子は注意。,https://www.google.com/maps/place/%E3%82%AB%E3%83%84%E3%83%9F%E8%BB%92/data=!4m2!3m1!1s0x6018e475b669feb1:0xde537ac4e5458cd5,,
本格点心と台湾料理のダパイダン105 吉祥寺店,外席ワンコ🆗です,https://www.google.com/maps/place/%E6%9C%AC%E6%A0%BC%E7%82%B9%E5%BF%83%E3%81%A8%E5%8F%B0%E6%B9%BE%E6%96%99%E7%90%86%E3%81%AE%E3%83%80%E3%83%91%E3%82%A4%E3%83%80%E3%83%B3105+%E5%90%89%E7%A5%A5%E5%AF%BA%E5%BA%97/data=!4m2!3m1!1s0x6018efd532baa7c5:0x203e077d5c0c9423,,
焼肉チョモランマ 武蔵小杉店,テラス席ワンコ🆗です。コタツ・暖房・ビニールカーテン付きでテラスでも暖かい🔥ワンコ用に味付けなしのお肉も注文可。食器・切りハサミ・トング等もワンコ用を出してもらえる。吸煙なしなので衣類荷物に匂いが残るとこだけ注意。,https://www.google.com/maps/place/%E7%84%BC%E8%82%89%E3%83%81%E3%83%A7%E3%83%A2%E3%83%A9%E3%83%B3%E3%83%9E+%E6%AD%A6%E8%94%B5%E5%B0%8F%E6%9D%89%E5%BA%97/data=!4m2!3m1!1s0x6018f585bdda5101:0x640d7043d121468e,,
Paston,店内ワンコ🆗です。席数少なめ。モバイルオーダー。メニューいずれも絶品ばかり。,https://www.google.com/maps/place/Paston/data=!4m2!3m1!1s0x6018f135e9e32491:0x9cec39bd19274db9,,
トラットリアDonChe（ドンシェー）,店内ワンコ🆗です。2025年に昭島で移転リニューアルするため閉店。,https://www.google.com/maps/place/%E3%83%88%E3%83%A9%E3%83%83%E3%83%88%E3%83%AA%E3%82%A2DonChe%EF%BC%88%E3%83%89%E3%83%B3%E3%82%B7%E3%82%A7%E3%83%BC%EF%BC%89/data=!4m2!3m1!1s0x6018e164b212a809:0x2cc2804ad05b9755,,
カフェ・ファチレ,"店内一部の席がワンコ🆗です。
カフェ・食事いずれもメニュー豊富。",https://www.google.com/maps/place/%E3%82%AB%E3%83%95%E3%82%A7%E3%83%BB%E3%83%95%E3%82%A1%E3%83%81%E3%83%AC/data=!4m2!3m1!1s0x6018e19b1842f035:0x5aa04f2fc461f543,,
串あげ 上々｜武蔵小金井/居酒屋,テラス席ワンコ🆗です。屋根あり、ヒーターあり、風除けビニールカーテンあり。ワンコ向けに味付けなしの素焼き提供に対応。,https://www.google.com/maps/place/%E4%B8%B2%E3%81%82%E3%81%92+%E4%B8%8A%E3%80%85%EF%BD%9C%E6%AD%A6%E8%94%B5%E5%B0%8F%E9%87%91%E4%BA%95%2F%E5%B1%85%E9%85%92%E5%B1%8B/data=!4m2!3m1!1s0x6018e5bd0e85e721:0x6b901dfd428d2dc4,,
串カツ田中 武蔵小金井店,店内ワンコ🆗です、ペット対応店共通のルールに準拠。服着用と店内他客の了解が必要,https://www.google.com/maps/place/%E4%B8%B2%E3%82%AB%E3%83%84%E7%94%B0%E4%B8%AD+%E6%AD%A6%E8%94%B5%E5%B0%8F%E9%87%91%E4%BA%95%E5%BA%97/data=!4m2!3m1!1s0x6018e592beaccca1:0xbd17d16b59ebb1cb,,
Caffe&Bar Aeroporto,店内ワンコ🆗、店主が動物アレルギーになってしまったため、毛が抜けない犬種＆店内でおとなしく出来るのが条件。,https://www.google.com/maps/place/Caffe%26Bar+Aeroporto/data=!4m2!3m1!1s0x6018e5681e71b833:0xac400b39826aa115,,
串カツ田中 国分寺店,"店内ワンコ🆗です。
ペット対応店共通のペットルールに準拠。",https://www.google.com/maps/place/%E4%B8%B2%E3%82%AB%E3%83%84%E7%94%B0%E4%B8%AD+%E5%9B%BD%E5%88%86%E5%AF%BA%E5%BA%97/data=!4m2!3m1!1s0x6018e5389104fe65:0x24b1906266cd4257,,
ミレットロード国立,"テラス席ワンコ🆗です
多摩障害者スポーツセンター内1Fに併設するカフェ
行政から事業支援などがあるのか、廉価な価格設定。",https://www.google.com/maps/place/%E3%83%9F%E3%83%AC%E3%83%83%E3%83%88%E3%83%AD%E3%83%BC%E3%83%89%E5%9B%BD%E7%AB%8B/data=!4m2!3m1!1s0x6018e321e43417db:0x9ad2454ff53ff78b,,
COCOROTUS 府中乃森珈琲店,都立府中の森公園内のカフェ。テラス席ワンコ🆗、日除けパラソルあり。雨除け・風除けなし。,https://www.google.com/maps/place/COCOROTUS+%E5%BA%9C%E4%B8%AD%E4%B9%83%E6%A3%AE%E7%8F%88%E7%90%B2%E5%BA%97/data=!4m2!3m1!1s0x6018e5de127dfd55:0xad51edf82344da99,,
花円茶厨房,"テラス席4人がけ1卓、ワンコ🆗です。
パラソルあり。三方を自宅壁に囲まれた内庭。
日当たりなし。冬はヒーター用意してもらえます。",https://www.google.com/maps/place/%E8%8A%B1%E5%86%86%E8%8C%B6%E5%8E%A8%E6%88%BF/data=!4m2!3m1!1s0x6018f0731aa9efe3:0x8681cbc09c610c26,,
中国料理 翠鳳(スイホウ) 本店,店内ワンコ🆗です。店員さんもお家にトイプードルがいていろいろお話出来ました☺️,https://www.google.com/maps/place/%E4%B8%AD%E5%9B%BD%E6%96%99%E7%90%86+%E7%BF%A0%E9%B3%B3(%E3%82%B9%E3%82%A4%E3%83%9B%E3%82%A6)+%E6%9C%AC%E5%BA%97/data=!4m2!3m1!1s0x60185ce3a6e89433:0xf1a7b36a05c54d08,,
煮込立石,相談したら、入口そばのカウンター席にバッグインして利用させてもらいました。状況と店員さんによると思うので都度ご相談だと思います。,https://www.google.com/maps/place/%E7%85%AE%E8%BE%BC%E7%AB%8B%E7%9F%B3/data=!4m2!3m1!1s0x6018fb00729581c9:0x9d4c076166abae11,,
多摩川ゴルフ倶楽部,"営業終了後におさんぽなどで利用可能。
ゴルフ向けの最高の天然芝の上で過ごせます。",https://www.google.com/maps/place/%E5%A4%9A%E6%91%A9%E5%B7%9D%E3%82%B4%E3%83%AB%E3%83%95%E5%80%B6%E6%A5%BD%E9%83%A8/data=!4m2!3m1!1s0x6018f56745e3594b:0x98d08d6647bedc96,,
WOODBERRY COFFEE 荻窪店,店内ワンコ🆗です,https://www.google.com/maps/place/WOODBERRY+COFFEE+%E8%8D%BB%E7%AA%AA%E5%BA%97/data=!4m2!3m1!1s0x6018ede648e44b5d:0xbbea901a3425872e,,
マクドナルド 豊田店,テラス席ワンコ🆗。南向き。昼以降は直射注意。,https://www.google.com/maps/place/%E3%83%9E%E3%82%AF%E3%83%89%E3%83%8A%E3%83%AB%E3%83%89+%E8%B1%8A%E7%94%B0%E5%BA%97/data=!4m2!3m1!1s0x6018e214be56d02f:0x7ab237119f02feea,,
猫目堂茶店,"テラス席ワンコ🆗です。
毎月第3火曜は店内ワンコ🆗デー。",https://www.google.com/maps/place/%E7%8C%AB%E7%9B%AE%E5%A0%82%E8%8C%B6%E5%BA%97/data=!4m2!3m1!1s0x6018e30f3c622a8d:0xf95a17ecef29c355,,
モナムール清風堂 本店,"1Fカフェフロアにテラス席ありワンコ🆗。
2Fのレストランメニュー提供も相談出来る模様。",https://www.google.com/maps/place/%E3%83%A2%E3%83%8A%E3%83%A0%E3%83%BC%E3%83%AB%E6%B8%85%E9%A2%A8%E5%A0%82+%E6%9C%AC%E5%BA%97/data=!4m2!3m1!1s0x6018e4e4e2d60287:0x6cf376bec430ca82,,
淡路島バーガー国立谷保店,テラス席ワンコ🆗です。屋根あり。モバイルオーダー。,https://www.google.com/maps/place/%E6%B7%A1%E8%B7%AF%E5%B3%B6%E3%83%90%E3%83%BC%E3%82%AC%E3%83%BC%E5%9B%BD%E7%AB%8B%E8%B0%B7%E4%BF%9D%E5%BA%97/data=!4m2!3m1!1s0x6018e3002a1b24c7:0xaf2ba7c551b47de8,,
BACKEN,店内ワンコ🆗。席は入口そばの店内ベンチ席がワンコ🆗です。,https://www.google.com/maps/place/BACKEN/data=!4m2!3m1!1s0x6018e500191a6989:0x3efd9b8e29b8385,,
串焼スタンド芳一国分寺,外席ワンコ🆗です。ワンコ向けに味付けなし素焼きも注文可。,https://www.google.com/maps/place/%E4%B8%B2%E7%84%BC%E3%82%B9%E3%82%BF%E3%83%B3%E3%83%89%E8%8A%B3%E4%B8%80%E5%9B%BD%E5%88%86%E5%AF%BA/data=!4m2!3m1!1s0x6018e437ce0de6df:0x4d9d4a82cf618b7d,,
惣菜スタンドSoil,外席ワンコ🆗です。1卓2席のみ。,https://www.google.com/maps/place/%E6%83%A3%E8%8F%9C%E3%82%B9%E3%82%BF%E3%83%B3%E3%83%89Soil/data=!4m2!3m1!1s0x6018e5e31440b8cb:0x7409b7dddf1656e0,,
CHAPTER 9,"店内ワンコ🆗。スタッフもドッグフレンドリー。
カレー・タコスがとても美味しい",https://www.google.com/maps/place/CHAPTER+9/data=!4m2!3m1!1s0x6018f1004b9d7e1d:0xc7ee9c60c94441ea,,
bake shop pota,"外席にベンチとテーブルありでワンコ🆗。
テイクアウトメニューのみで、スイーツ系はテイクアウトのみでイートインは無理そう。",https://www.google.com/maps/place/bake+shop+pota/data=!4m2!3m1!1s0x6018e50011a0dae7:0x18398d83bfc4d854,,
参百圓食堂 日吉小町,"外卓が1卓ありでワンコ🆗、雨除け日除けあり(トタン屋根)
トイレなし。",https://www.google.com/maps/place/%E5%8F%82%E7%99%BE%E5%9C%93%E9%A3%9F%E5%A0%82+%E6%97%A5%E5%90%89%E5%B0%8F%E7%94%BA/data=!4m2!3m1!1s0x6018e5215fafcedf:0xdd5f77c25020ee34,,
Farm to table De salita,テラス席ワンコ🆗。モバイルオーダー。,https://www.google.com/maps/place/Farm+to+table+De+salita/data=!4m2!3m1!1s0x6018e4367c29f271:0xd19676fb246c2387,,
Wood Branch,テラス席ワンコ🆗。テラス席はサンルーム風に改築してあり気密性などを除けば防雨防風防寒防暑については店内とほぼ同等。プロジェクター等もあり雰囲気はオシャレ、冬場はテーブルにコタツ完備となるため暖かで快適,https://www.google.com/maps/place/Wood+Branch/data=!4m2!3m1!1s0x6018e5a0c8a9bf73:0xf659517f9c5d2971,,
ペットシエスタ国立,ペットショップ。馬肉食品などのDIARAや、仏ブランドのMartinを国内唯一取扱など、独自のセレクトで人気。,https://www.google.com/maps/place/%E3%83%9A%E3%83%83%E3%83%88%E3%82%B7%E3%82%A8%E3%82%B9%E3%82%BF%E5%9B%BD%E7%AB%8B/data=!4m2!3m1!1s0x6018e3ee24efb75d:0xec7f2f0439c50086,,
Cafe どす,店内ワンコ🆗です。ドッグフレンドリー👍,https://www.google.com/maps/place/Cafe+%E3%81%A9%E3%81%99/data=!4m2!3m1!1s0x601921002d025dd9:0xc86f9e934423becb,,
蘆花恒春園ドッグラン,,https://www.google.com/maps/place/%E8%98%86%E8%8A%B1%E6%81%92%E6%98%A5%E5%9C%92%E3%83%89%E3%83%83%E3%82%B0%E3%83%A9%E3%83%B3/data=!4m2!3m1!1s0x6018f22b10e69661:0xd42ee4cc2aeb3a98,,
経堂 小倉庵 本店,"たいやきご人気、外席あります
たこ焼きも売ってて隣の後藤酒造に持ち込みできるそう",https://www.google.com/maps/place/%E7%B5%8C%E5%A0%82+%E5%B0%8F%E5%80%89%E5%BA%B5+%E6%9C%AC%E5%BA%97/data=!4m2!3m1!1s0x6018f395e48a75a7:0x4ae3bf396dfa152a,,
後藤醸造,"外席がありました。
他のお客さんも普通に使ってました",https://www.google.com/maps/place/%E5%BE%8C%E8%97%A4%E9%86%B8%E9%80%A0/data=!4m2!3m1!1s0x6018f395e4bdbfb7:0x1700f9ea57999f4b,,
博多おでんと黒毛和牛の店くろこ,"４人がけ外卓がワンコ🆗です
屋根あり扇風機付き",https://www.google.com/maps/place/%E5%8D%9A%E5%A4%9A%E3%81%8A%E3%81%A7%E3%82%93%E3%81%A8%E9%BB%92%E6%AF%9B%E5%92%8C%E7%89%9B%E3%81%AE%E5%BA%97%E3%81%8F%E3%82%8D%E3%81%93/data=!4m2!3m1!1s0x6018f380a245f77f:0x61b3e56db4e21d09,,
もつやき優貴,外席ワンコ🆗です,https://www.google.com/maps/place/%E3%82%82%E3%81%A4%E3%82%84%E3%81%8D%E5%84%AA%E8%B2%B4/data=!4m2!3m1!1s0x6018f3966d1212a3:0xc3c5a8a3b9bb5cc1,,
マホラ食堂,店内の一階席のみワンコ🆗です,https://www.google.com/maps/place/%E3%83%9E%E3%83%9B%E3%83%A9%E9%A3%9F%E5%A0%82/data=!4m2!3m1!1s0x6018f396b7e97391:0xb5f9def51d3f5a82,,
West Dog Park,室内ドッグラン,https://www.google.com/maps/place/West+Dog+Park/data=!4m2!3m1!1s0x601921c2951c4cc5:0xd87ded29331f6c3e,,
ことみ食堂,府中市の観光物産館に併設、施設の共用休憩場所としてテラス席がありワンコも🆗。テラス席は共用なので、持ち込み、施設自販機の利用、休日に数台来るキッチンカー商品の飲食も可能,https://www.google.com/maps/place/%E3%81%93%E3%81%A8%E3%81%BF%E9%A3%9F%E5%A0%82/data=!4m2!3m1!1s0x6018e4c385a628f1:0xe63895d1b8f11748,,
KITCHEN&CAFE-BAR 「SHINKER」(キッチン・カフェバー「シンカー」),"テラス席ワンコ🆗
マンション北側に面しており陽が全く入らないため、夏は涼しく冬は寒い。簡易の雨除けのみ、風除けなし",https://www.google.com/maps/place/KITCHEN%26CAFE-BAR+%E3%80%8CSHINKER%E3%80%8D(%E3%82%AD%E3%83%83%E3%83%81%E3%83%B3%E3%83%BB%E3%82%AB%E3%83%95%E3%82%A7%E3%83%90%E3%83%BC%E3%80%8C%E3%82%B7%E3%83%B3%E3%82%AB%E3%83%BC%E3%80%8D)/data=!4m2!3m1!1s0x6018e52fbc1a9291:0x804f55c740cce848,,
coffee and bake douceur,店内ワンコ🆗、人気店で入店待ちで長時間並ぶ場合あり。予約不可。時間に余裕のあるときの利用を推奨。混雑すると店外待ちもあるので夏場にワンコ連れていくのは注意。,https://www.google.com/maps/place/coffee+and+bake+douceur/data=!4m2!3m1!1s0x6018e48b5cdf5b39:0xe640961cb734faf7,,
府中テラス,テラス席ワンコ🆗、日除け・風除けあり、日除けがあるので多少の雨なら影響なし。冷房器具および暖房器具の有無は不明。,https://www.google.com/maps/place/%E5%BA%9C%E4%B8%AD%E3%83%86%E3%83%A9%E3%82%B9/data=!4m2!3m1!1s0x6018e59679eac52b:0xd7f84cfb667da5aa,,
だがや,"暖季に外席を出すときがありワンコ🆗です。
日除け・雨除け・風除けいずれもなし。",https://www.google.com/maps/place/%E3%81%A0%E3%81%8C%E3%82%84/data=!4m2!3m1!1s0x6018e4ef69be353f:0x8efbc2466dfc3b53,,
キィニョン武蔵小金井ののみち店,店内ワンコ不可だが、店外そばに中央線高架下の共用休憩スペースがありテイクアウトして利用できる。,https://www.google.com/maps/place/%E3%82%AD%E3%82%A3%E3%83%8B%E3%83%A7%E3%83%B3%E6%AD%A6%E8%94%B5%E5%B0%8F%E9%87%91%E4%BA%95%E3%81%AE%E3%81%AE%E3%81%BF%E3%81%A1%E5%BA%97/data=!4m2!3m1!1s0x6018e515429c978f:0xb3c6d90dddfd8044,,
小金井公園 ドッグラン,,https://www.google.com/maps/place/%E5%B0%8F%E9%87%91%E4%BA%95%E5%85%AC%E5%9C%92+%E3%83%89%E3%83%83%E3%82%B0%E3%83%A9%E3%83%B3/data=!4m2!3m1!1s0x6018e58b4680eb51:0x4c423880f1b44e18,,
珈琲の香,外席ワンコ🆗です。四人卓が3卓ほどあり,https://www.google.com/maps/place/%E7%8F%88%E7%90%B2%E3%81%AE%E9%A6%99/data=!4m2!3m1!1s0x6018e661d0d6fc87:0xa2f5b328e72966f2,,
DogCafe & Hotel Green Wood,店内ワンコ🆗、マナーパッド着用、カート店内不可、ドッグラン併設、テラス席でBBQプランあり,https://www.google.com/maps/place/DogCafe+%26+Hotel+Green+Wood/data=!4m2!3m1!1s0x6018e67bcf48140d:0x228ea4a2700a2a67,,
Koreanダイニングカフェ ヨンヤン（YongYang）,店内ワンコ🆗。小型犬のみ。カートまたはバッグまたは椅子に敷物が必要。床に下ろすのはNG。,https://www.google.com/maps/place/Korean%E3%83%80%E3%82%A4%E3%83%8B%E3%83%B3%E3%82%B0%E3%82%AB%E3%83%95%E3%82%A7+%E3%83%A8%E3%83%B3%E3%83%A4%E3%83%B3%EF%BC%88YongYang%EF%BC%89/data=!4m2!3m1!1s0x6018e551d1dc0d45:0x8c737a763971374a,,
花冠 Le Café et Salon Gastronomie,テラス席ワンコ🆗です,https://www.google.com/maps/place/%E8%8A%B1%E5%86%A0+Le+Caf%C3%A9+et+Salon+Gastronomie/data=!4m2!3m1!1s0x6018f1c68f55bcb1:0xdd3a6c6454b1a4fd,,
ハンバーガー＆カフェ ARMANDO,ドッグランあり、店内ワンコ🆗です,https://www.google.com/maps/place/%E3%83%8F%E3%83%B3%E3%83%90%E3%83%BC%E3%82%AC%E3%83%BC%EF%BC%86%E3%82%AB%E3%83%95%E3%82%A7+ARMANDO/data=!4m2!3m1!1s0x6018fd5ab88db571:0x4b85a42f1a45c2a4,,
KIZUNADINING&WANTOK CAFE 府中くるる店,外席ワンコ🆗です,https://www.google.com/maps/place/KIZUNADINING%26WANTOK+CAFE+%E5%BA%9C%E4%B8%AD%E3%81%8F%E3%82%8B%E3%82%8B%E5%BA%97/data=!4m2!3m1!1s0x6018e500168ae347:0xabd17cc109578a14,,
花よろず,店内・テラス席ともにワンコ🆗です。看板犬のダックスちゃんがいます。木曜は手打そばの日だそうです。ガレット美味しそう🤤お庭で栽培している野菜・ハーブなどで料理やお茶を作られます🤩,https://www.google.com/maps/place/%E8%8A%B1%E3%82%88%E3%82%8D%E3%81%9A/data=!4m2!3m1!1s0x60188d446526582d:0xac4da5fa41e3181b,,
矢川上公園,春秋で仮設ドッグランが開催されます,https://www.google.com/maps/place/%E7%9F%A2%E5%B7%9D%E4%B8%8A%E5%85%AC%E5%9C%92/data=!4m2!3m1!1s0x6018e3ef3c04b231:0x2b98343be735818e,,
カフェLapin,外席ベンチあります,https://www.google.com/maps/place/%E3%82%AB%E3%83%95%E3%82%A7Lapin/data=!4m2!3m1!1s0x6018e3270ea68521:0x7e6b493d9a5e8160,,
喫茶去KAIPAN（寺カフェ）,テラス席ワンコ🆗です。屋根あり。,https://www.google.com/maps/place/%E5%96%AB%E8%8C%B6%E5%8E%BBKAIPAN%EF%BC%88%E5%AF%BA%E3%82%AB%E3%83%95%E3%82%A7%EF%BC%89/data=!4m2!3m1!1s0x6018e59f3b40346b:0x2643b2ed355ead72,,
KITACOS Cafe & Garden,1Fテラス席と屋上テラス席がワンコ🆗です,https://www.google.com/maps/place/KITACOS+Cafe+%26+Garden/data=!4m2!3m1!1s0x6018f5830b595c8b:0x9a101c638d25f957,,
LEAF&BEAN（リーフアンドビーン）,テラス席ワンコ🆗です。一部日除け傘あり,https://www.google.com/maps/place/LEAF%26BEAN%EF%BC%88%E3%83%AA%E3%83%BC%E3%83%95%E3%82%A2%E3%83%B3%E3%83%89%E3%83%93%E3%83%BC%E3%83%B3%EF%BC%89/data=!4m2!3m1!1s0x6018f1de75c1c349:0x5cf5dc4387bd89d4,,
smile dining switch,店内ワンコ🆗です,https://www.google.com/maps/place/smile+dining+switch/data=!4m2!3m1!1s0x6018e5deb92253f5:0xb91a1177c15f0eb1,,
moomカフェ・デザイン,"水・土がキッチン食菜
店内ワンコ🆗です",https://www.google.com/maps/place/moom%E3%82%AB%E3%83%95%E3%82%A7%E3%83%BB%E3%83%87%E3%82%B6%E3%82%A4%E3%83%B3/data=!4m2!3m1!1s0x6018e5932992eae1:0xcc59e3894e1afd0d,,
CAFE WHANAU,テラス席ワンコ🆗です,https://www.google.com/maps/place/CAFE+WHANAU/data=!4m2!3m1!1s0x6018e5c99be1a319:0xb389d78cfc17b9af,,
ドッグカフェ・プティシアン,店内ワンコ🆗です,https://www.google.com/maps/place/%E3%83%89%E3%83%83%E3%82%B0%E3%82%AB%E3%83%95%E3%82%A7%E3%83%BB%E3%83%97%E3%83%86%E3%82%A3%E3%82%B7%E3%82%A2%E3%83%B3/data=!4m2!3m1!1s0x6018fc0742f9705f:0x47437c6d32ac5a1b,,
蕎麦・懐石 御狩野,テラス席ワンコ🆗です,https://www.google.com/maps/place/%E8%95%8E%E9%BA%A6%E3%83%BB%E6%87%90%E7%9F%B3+%E5%BE%A1%E7%8B%A9%E9%87%8E/data=!4m2!3m1!1s0x6018e55f9ddc73ad:0x945fcf8b265734f5,,
珈琲鳴館 府中宮町店,暖かい季節のみテラス席ありワンコ🆗、雨除け日除けなし。,https://www.google.com/maps/place/%E7%8F%88%E7%90%B2%E9%B3%B4%E9%A4%A8+%E5%BA%9C%E4%B8%AD%E5%AE%AE%E7%94%BA%E5%BA%97/data=!4m2!3m1!1s0x6018e4e48693e5fb:0x385467498597b762,,
Cafe＆Bar おせろ,テラス席ワンコ🆗です,https://www.google.com/maps/place/Cafe%EF%BC%86Bar+%E3%81%8A%E3%81%9B%E3%82%8D/data=!4m2!3m1!1s0x6018e3bc7cc43e29:0x3f4f86ec4b1def80,,
鈴木屋商店,ワンコのフードやオヤツ売ってます,https://www.google.com/maps/place/%E9%88%B4%E6%9C%A8%E5%B1%8B%E5%95%86%E5%BA%97/data=!4m2!3m1!1s0x6018e4e57e5ba5f5:0x30cceb30dc826435,,
牛たんうしすけ 吉祥寺店,店内ワンコ🆗です。ワンコメニューあり。お座敷やテーブル席でワンコと一緒に焼肉できます👍,https://www.google.com/maps/place/%E7%89%9B%E3%81%9F%E3%82%93%E3%81%86%E3%81%97%E3%81%99%E3%81%91+%E5%90%89%E7%A5%A5%E5%AF%BA%E5%BA%97/data=!4m2!3m1!1s0x6018ef9b6e6e153f:0x336d31883c0ed5e3,,
cobaQbar (コバキューバール),外席があってワンコ🆗です、焼酎が豊富,https://www.google.com/maps/place/cobaQbar+(%E3%82%B3%E3%83%90%E3%82%AD%E3%83%A5%E3%83%BC%E3%83%90%E3%83%BC%E3%83%AB)/data=!4m2!3m1!1s0x6018e5c9c29f4583:0xae1d01963fe0fdd1,,
横浜赤レンガ倉庫,一階フードコートのガラス張りテラス席はワンコ🆗です,https://www.google.com/maps/place/%E6%A8%AA%E6%B5%9C%E8%B5%A4%E3%83%AC%E3%83%B3%E3%82%AC%E5%80%89%E5%BA%AB/data=!4m2!3m1!1s0x60185cf885807149:0x94947dd82acc3d73,,
海岸通でざんじゅ,テラス席ワンコ🆗です。牡蠣料理などがオススメ,https://www.google.com/maps/place/%E6%B5%B7%E5%B2%B8%E9%80%9A%E3%81%A7%E3%81%96%E3%82%93%E3%81%98%E3%82%85/data=!4m2!3m1!1s0x60185cf786793127:0x447711b13863d873,,
ローソン 谷保駅北口店,外席イートインスペースあり,https://www.google.com/maps/place/%E3%83%AD%E3%83%BC%E3%82%BD%E3%83%B3+%E8%B0%B7%E4%BF%9D%E9%A7%85%E5%8C%97%E5%8F%A3%E5%BA%97/data=!4m2!3m1!1s0x6018e4758bcc2919:0xe50d64ee59892aaa,,
TACHIKAWA STAGE GARDENだんだんテラス,景色良いテラス,https://www.google.com/maps/place/TACHIKAWA+STAGE+GARDEN%E3%81%A0%E3%82%93%E3%81%A0%E3%82%93%E3%83%86%E3%83%A9%E3%82%B9/data=!4m2!3m1!1s0x6018e1549f735dd1:0x49ec833a3c132fa,,
goodspoon pizzeria & cheese 立川店,テラス席ワンコ🆗です,https://www.google.com/maps/place/goodspoon+pizzeria+%26+cheese+%E7%AB%8B%E5%B7%9D%E5%BA%97/data=!4m2!3m1!1s0x6018e1a858d1d5e3:0xda6bc94f09e46bc4,,
黄金茶屋,店内ワンコ🆗です,https://www.google.com/maps/place/%E9%BB%84%E9%87%91%E8%8C%B6%E5%B1%8B/data=!4m2!3m1!1s0x6018e5e0f79769b9:0x9b79bda770178169,,
Tacos Mercado,テラス席ワンコ🆗です、4人卓✕2、地下階で日除けもあり、多少の雨も多分大丈夫,https://www.google.com/maps/place/Tacos+Mercado/data=!4m2!3m1!1s0x6018e595bd7cbce7:0xaf74e8fbe93dc1cb,,
HUGSY DOUGHNUT,ワンコ🆗のテラス席でイートインできます,https://www.google.com/maps/place/HUGSY+DOUGHNUT/data=!4m2!3m1!1s0x6018e4a264339473:0xfcb4ac482ebd8beb,,
LATTE GRAPHIC 聖蹟桜ヶ丘,テラス席ワンコ🆗です。ワンコメニューもあり。,https://www.google.com/maps/place/LATTE+GRAPHIC+%E8%81%96%E8%B9%9F%E6%A1%9C%E3%83%B6%E4%B8%98/data=!4m2!3m1!1s0x6018e58a4bae1297:0x9c971267b3de860d,,
カオマンガイ バザール akari,テラス席ワンコ🆗です,https://www.google.com/maps/place/%E3%82%AB%E3%82%AA%E3%83%9E%E3%83%B3%E3%82%AC%E3%82%A4+%E3%83%90%E3%82%B6%E3%83%BC%E3%83%AB+akari/data=!4m2!3m1!1s0x6018e17abb34b255:0x32e085b739571fec,,
モンマスティー 東府中店,外席ベンチがあります,https://www.google.com/maps/place/%E3%83%A2%E3%83%B3%E3%83%9E%E3%82%B9%E3%83%86%E3%82%A3%E3%83%BC+%E6%9D%B1%E5%BA%9C%E4%B8%AD%E5%BA%97/data=!4m2!3m1!1s0x6018e50e1ca9d665:0x10f6ddb655a9791e,,
キッチン アルチザンマコト,店内ワンコ🆗、2階席の一部をワンコと利用可能。一般客の利用もあり予約推奨。料理はリーズナブルなのに本格的でとても美味くて、オススメのお店👍,https://www.google.com/maps/place/%E3%82%AD%E3%83%83%E3%83%81%E3%83%B3+%E3%82%A2%E3%83%AB%E3%83%81%E3%82%B6%E3%83%B3%E3%83%9E%E3%82%B3%E3%83%88/data=!4m2!3m1!1s0x6018f56895a1bab9:0x236da3764d4d7fe0,,
桃菜 三鷹店,テラス席ワンコ🆗です、雨除け日除けあり。,https://www.google.com/maps/place/%E6%A1%83%E8%8F%9C+%E4%B8%89%E9%B7%B9%E5%BA%97/data=!4m2!3m1!1s0x6018ef13ac6fe4ef:0x933866e3f92c8154,,
くじら食堂 nonowa東小金井店,テラス席ワンコ🆗です、日除け風除け雨除けいずれもなし。202309追記：テラス席が撤去されていました💦,https://www.google.com/maps/place/%E3%81%8F%E3%81%98%E3%82%89%E9%A3%9F%E5%A0%82+nonowa%E6%9D%B1%E5%B0%8F%E9%87%91%E4%BA%95%E5%BA%97/data=!4m2!3m1!1s0x6018e580e2ec274b:0xae3e574461ead5cf,,
紅葉,西武多摩川線・多磨駅ロータリー傍のたこ焼き屋、イートイン用のベンチスぺースあり。,https://www.google.com/maps/place/%E7%B4%85%E8%91%89/data=!4m2!3m1!1s0x6018e5682d47aebd:0x52c80d67612b0ec2,,
（有）越中屋酒店,喫煙席を兼ねた店頭ベンチ席ワンコ🆗、日除け・雨除け・風除けいずれもなし。角打ちに近い形態。つまみは店内の市販商品を購入。,https://www.google.com/maps/place/%EF%BC%88%E6%9C%89%EF%BC%89%E8%B6%8A%E4%B8%AD%E5%B1%8B%E9%85%92%E5%BA%97/data=!4m2!3m1!1s0x6018e46077498fe9:0xbbe2c7ce28cd3d14,,
茶房山もも,テラス席ワンコ🆗、ガーデン風で雰囲気良し。,https://www.google.com/maps/place/%E8%8C%B6%E6%88%BF%E5%B1%B1%E3%82%82%E3%82%82/data=!4m2!3m1!1s0x6018e5699b3d8737:0x63ef06d9082f4e3e,,
サロン・ド・カモシタ,"店内ワンコ🆗。
他の利用客から利用同意が得られるのが条件。",https://www.google.com/maps/place/%E3%82%B5%E3%83%AD%E3%83%B3%E3%83%BB%E3%83%89%E3%83%BB%E3%82%AB%E3%83%A2%E3%82%B7%E3%82%BF/data=!4m2!3m1!1s0x6018e489e8c50eed:0xebf917bf8f93f5eb,,
玉乃屋,"外席ワンコ🆗、日除け雨除け風除けいずれもなし。
冬場は炭を焚くので、近くの席は暖をとれる。",https://www.google.com/maps/place/%E7%8E%89%E4%B9%83%E5%B1%8B/data=!4m2!3m1!1s0x6018f021f2d6c4fd:0x49efde32221be54d,,
ロイヤルホスト府中東店,テラス席ワンコ🆗、日除けあり。,https://www.google.com/maps/place/%E3%83%AD%E3%82%A4%E3%83%A4%E3%83%AB%E3%83%9B%E3%82%B9%E3%83%88%E5%BA%9C%E4%B8%AD%E6%9D%B1%E5%BA%97/data=!4m2!3m1!1s0x6018e4e32fa74039:0xd2ec64efe50896de,,
松葉茶屋,外席ワンコ🆗、日除け・雨除け・風除けいずれもなし。,https://www.google.com/maps/place/%E6%9D%BE%E8%91%89%E8%8C%B6%E5%B1%8B/data=!4m2!3m1!1s0x6018f021f2d40001:0xa821fd5a31125ab1,,
cafe bond,テラス席ワンコ🆗、店頭の１卓のみ、屋根あり。,https://www.google.com/maps/place/cafe+bond/data=!4m2!3m1!1s0x6018e5da931121a7:0xe8b90fd03c58b920,,
MR.coffeestand/hamburger,美容室の敷地内の常設キッチンカー、美容室内にカフェスペースがあり混雑していなければ、ワンコ🆗でイートイン利用可,https://www.google.com/maps/place/MR.coffeestand%2Fhamburger/data=!4m2!3m1!1s0x60189349b17c894b:0x8faa5e157b24f4b8,,
リブラ カフェ ルイ,店内ワンコ🆗,https://www.google.com/maps/place/%E3%83%AA%E3%83%96%E3%83%A9+%E3%82%AB%E3%83%95%E3%82%A7+%E3%83%AB%E3%82%A4/data=!4m2!3m1!1s0x6018e4c3a3f627ef:0xef6ab229fddfd740,,
シェ アンディ ラボ,かき氷が有名。ドリンクなども頂ける。店頭ベンチのみワンコ🆗。テイクアウト＆ベンチ用のかき氷メニューあり。,https://www.google.com/maps/place/%E3%82%B7%E3%82%A7+%E3%82%A2%E3%83%B3%E3%83%87%E3%82%A3+%E3%83%A9%E3%83%9C/data=!4m2!3m1!1s0x6018e4fc79c004ab:0x994f75742a420025,,
モスバーガー 東府中店,テラス席ワンコ🆗、屋根あり,https://www.google.com/maps/place/%E3%83%A2%E3%82%B9%E3%83%90%E3%83%BC%E3%82%AC%E3%83%BC+%E6%9D%B1%E5%BA%9C%E4%B8%AD%E5%BA%97/data=!4m2!3m1!1s0x6018e5191cb132a3:0xb824ccc460e1073b,,
伝説のステーキ屋 稲城店,テラス席ワンコ🆗、日除け・雨除け・風除けいずれもなし。北側に面しており昼は日陰。,https://www.google.com/maps/place/%E4%BC%9D%E8%AA%AC%E3%81%AE%E3%82%B9%E3%83%86%E3%83%BC%E3%82%AD%E5%B1%8B+%E7%A8%B2%E5%9F%8E%E5%BA%97/data=!4m2!3m1!1s0x6018fad4ce4f02dd:0x799b761b93cfefd7,,
蕎藤,テラス席ワンコ🆗、仕切りや屋根があるため、日除け・雨除け・風除けいずれもある程度は問題なし。,https://www.google.com/maps/place/%E8%95%8E%E8%97%A4/data=!4m2!3m1!1s0x6018e51ed292b181:0x438df91b581595d7,,
CALM,テラス席ワンコ🆗、軽食とデザート、バラ園が素敵すぎる。,https://www.google.com/maps/place/CALM/data=!4m2!3m1!1s0x6018e75b67900b49:0xc9c65c3f8a0ea1b0,,
ピエトロバルコーネ国立店,テラス席ワンコ🆗、屋根あり。ピエトロドレッシングで食べるサラダバーが良き。,https://www.google.com/maps/place/%E3%83%94%E3%82%A8%E3%83%88%E3%83%AD%E3%83%90%E3%83%AB%E3%82%B3%E3%83%BC%E3%83%8D%E5%9B%BD%E7%AB%8B%E5%BA%97/data=!4m2!3m1!1s0x6018e3f1ea5a441b:0x4cfaabe973b9f04a,,
SAUCE UP BURGER,店内ワンコ🆗、ドッグフレンドリー🐶、ワンコメニューあり、料理はどれも美味くてオススメのお店。建物の2F~3Fにトリミングサロン・ペットホテル併設。,https://www.google.com/maps/place/SAUCE+UP+BURGER/data=!4m2!3m1!1s0x6018e5f3572a5483:0xdce5c96665dcc219,,
ワインテラスユーメ府中市イタリアン,テラス席ワンコ🆗、日除け・雨除けあり。風除けなし。,https://www.google.com/maps/place/%E3%83%AF%E3%82%A4%E3%83%B3%E3%83%86%E3%83%A9%E3%82%B9%E3%83%A6%E3%83%BC%E3%83%A1%E5%BA%9C%E4%B8%AD%E5%B8%82%E3%82%A4%E3%82%BF%E3%83%AA%E3%82%A2%E3%83%B3/data=!4m2!3m1!1s0x6018e4e4591185fd:0xc2828165a32e1742,,
Barry's Cafe,店内一部の席でワンコ🆗です。他の席も空き状態によれば抱っこまたはカートなどで利用可能だそうです。,https://www.google.com/maps/place/Barry's+Cafe/data=!4m2!3m1!1s0x6018e3d3c3a78b53:0x7a66a3d5d45527ad,,
ケーニッヒ 小金井本店,テイクアウト商品を外席で頂けます,https://www.google.com/maps/place/%E3%82%B1%E3%83%BC%E3%83%8B%E3%83%83%E3%83%92+%E5%B0%8F%E9%87%91%E4%BA%95%E6%9C%AC%E5%BA%97/data=!4m2!3m1!1s0x6018e5907027269d:0x7fe1d96fc83bdda9,,
urban's camp Tokyo,外席でテイクアウトのサンドイッチやアイスを頂けます,https://www.google.com/maps/place/urban's+camp+Tokyo/data=!4m2!3m1!1s0x6018e54ddd82eb3d:0xaf6972f786ca14e9,,
大福ベーカリー,日曜日のみ営業、テラス席ワンコ🆗です,https://www.google.com/maps/place/%E5%A4%A7%E7%A6%8F%E3%83%99%E3%83%BC%E3%82%AB%E3%83%AA%E3%83%BC/data=!4m2!3m1!1s0x6018e5d4d72536f1:0x3ea012cd3e7e6618,,
Patisserie cafe VIVANT,"外席ワンコ🆗です
浅煎りエスプレッソが飲める☕",https://www.google.com/maps/place/Patisserie+cafe+VIVANT/data=!4m2!3m1!1s0x6018e3bcdbeeb8cf:0xc388fa05f3810c25,,
オカカフェ,テラス席ワンコ🆗です、日除け風除け雨除けいずれもなし,https://www.google.com/maps/place/%E3%82%AA%E3%82%AB%E3%82%AB%E3%83%95%E3%82%A7/data=!4m2!3m1!1s0x6018e1f0620dd3eb:0x99ef10c7d73bfefc,,
薪窯ピッツァ,多摩川土手に面したテラス席ワンコ🆗、日除け雨除けなし。一部屋根付き外席あり。多摩川土手が眼前の開放感が魅力,https://www.google.com/maps/place/%E8%96%AA%E7%AA%AF%E3%83%94%E3%83%83%E3%83%84%E3%82%A1/data=!4m2!3m1!1s0x6018f0f63ae94a47:0xbe6bf623e0e042de,,
ALL THE ORZA CAFE,テラス席ワンコ🆗、雰囲気よし。雨除けなし。席によるが敷地内の植樹による日除けあり。,https://www.google.com/maps/place/ALL+THE+ORZA+CAFE/data=!4m2!3m1!1s0x6018f1f6e2ca6571:0xdf4fba55d7f89190,,
一平ソバ,テラス席ワンコ🆗です、日除けパラソルのみ、料理はボリュームあり,https://www.google.com/maps/place/%E4%B8%80%E5%B9%B3%E3%82%BD%E3%83%90/data=!4m2!3m1!1s0x6018e58ea14d2139:0x8c94f94977f0e591,,
スパイス.ハウス.,テラス席ワンコ🆗です、屋根付き,https://www.google.com/maps/place/%E3%82%B9%E3%83%91%E3%82%A4%E3%82%B9.%E3%83%8F%E3%82%A6%E3%82%B9./data=!4m2!3m1!1s0x6018e5819508bcb3:0x52be5c923d39c2c0,,
緑風庵,テラス席ワンコ🆗です、日除け雨除けあり、建物およびテラス席の雰囲気よし、メニューはグルテンフリー・ヴィーガン対応,https://www.google.com/maps/place/%E7%B7%91%E9%A2%A8%E5%BA%B5/data=!4m2!3m1!1s0x6018e5e12da31377:0x176f6e7ccf2ae9dc,,
428cafe+,テラス席ワンコ🆗です、日よけのパラソルのみ,https://www.google.com/maps/place/428cafe%2B/data=!4m2!3m1!1s0x6018e5cdc169736f:0xe253346ff4538dab,,
cafe dining giraffe カフェダイニング ジラフ,テラス席ワンコ🆗です、日除け雨除けあり,https://www.google.com/maps/place/cafe+dining+giraffe+%E3%82%AB%E3%83%95%E3%82%A7%E3%83%80%E3%82%A4%E3%83%8B%E3%83%B3%E3%82%B0+%E3%82%B8%E3%83%A9%E3%83%95/data=!4m2!3m1!1s0x6018e50e6c504c39:0x260295837b4d6ba9,,
お食事処ちゃちゃ,店頭テラス席ワンコ🆗、日除け・雨除け・風除けいずれもなし。冬はヒーターが出る。定食がとてもおいしい。,https://www.google.com/maps/place/%E3%81%8A%E9%A3%9F%E4%BA%8B%E5%87%A6%E3%81%A1%E3%82%83%E3%81%A1%E3%82%83/data=!4m2!3m1!1s0x6018e59df54753f3:0xf05ca06ba6c335d6,,
タリーズコーヒー MINANO分倍河原店,外席ワンコ🆗、商業施設1Fで屋根あり,https://www.google.com/maps/place/%E3%82%BF%E3%83%AA%E3%83%BC%E3%82%BA%E3%82%B3%E3%83%BC%E3%83%92%E3%83%BC+MINANO%E5%88%86%E5%80%8D%E6%B2%B3%E5%8E%9F%E5%BA%97/data=!4m2!3m1!1s0x6018e4ed8210dfc5:0x149acd358d4c38a7,,
府中餃子バルあわ屋,テラス席ワンコ🆗、屋根あり、風除けあり、スポットクーラーあり、業務用のスポットヒーターあり(真冬でもとても暖かい),https://www.google.com/maps/place/%E5%BA%9C%E4%B8%AD%E9%A4%83%E5%AD%90%E3%83%90%E3%83%AB%E3%81%82%E3%82%8F%E5%B1%8B/data=!4m2!3m1!1s0x6018e4faab110001:0xf865bf89fb10264f,,
ワインショップイルサヴィーノ,テラス席ワンコ🆗です、周囲が建物に囲まれてて、日が傾く時間は日かげになる、雨除け風除けなし,https://www.google.com/maps/place/%E3%83%AF%E3%82%A4%E3%83%B3%E3%82%B7%E3%83%A7%E3%83%83%E3%83%97%E3%82%A4%E3%83%AB%E3%82%B5%E3%83%B4%E3%82%A3%E3%83%BC%E3%83%8E/data=!4m2!3m1!1s0x6018e59d3898ad27:0xc34df23e7f2ed698,,
恋ヶ窪のコッペ屋さん クラウン,外席ベンチで食べれます,https://www.google.com/maps/place/%E6%81%8B%E3%83%B6%E7%AA%AA%E3%81%AE%E3%82%B3%E3%83%83%E3%83%9A%E5%B1%8B%E3%81%95%E3%82%93+%E3%82%AF%E3%83%A9%E3%82%A6%E3%83%B3/data=!4m2!3m1!1s0x6018e53e4e1db1c1:0x4f91b638cffd9575,,
バトーア タルト,"テラス席ワンコ🆗です
カフェテリアスタイルで屋内の複数店舗で好きなものをオーダーする形です。注文はテラスにワンコを置いて屋内で。料理はスタッフが運んでくれます。下膳は屋内の指定場所にセルフで。",https://www.google.com/maps/place/%E3%83%90%E3%83%88%E3%83%BC%E3%82%A2+%E3%82%BF%E3%83%AB%E3%83%88/data=!4m2!3m1!1s0x6018ef9cd9ff07d7:0x6f835eac2bccd1dc,,
カフェスロー,テラス席ワンコ🆗です,https://www.google.com/maps/place/%E3%82%AB%E3%83%95%E3%82%A7%E3%82%B9%E3%83%AD%E3%83%BC/data=!4m2!3m1!1s0x6018e44965f44567:0xd9bb0c636ac7f9bd,,
アメリカンダイナー オールドハンガー,店内ワンコ🆗です,https://www.google.com/maps/place/%E3%82%A2%E3%83%A1%E3%83%AA%E3%82%AB%E3%83%B3%E3%83%80%E3%82%A4%E3%83%8A%E3%83%BC+%E3%82%AA%E3%83%BC%E3%83%AB%E3%83%89%E3%83%8F%E3%83%B3%E3%82%AC%E3%83%BC/data=!4m2!3m1!1s0x601bf7420969ca4b:0x91e9a5d7e9067673,,
蔵元ごはん＆カフェ 酒蔵 櫂,店内ワンコ🆗です,https://www.google.com/maps/place/%E8%94%B5%E5%85%83%E3%81%94%E3%81%AF%E3%82%93%EF%BC%86%E3%82%AB%E3%83%95%E3%82%A7+%E9%85%92%E8%94%B5+%E6%AB%82/data=!4m2!3m1!1s0x601bfe42f6ef5385:0x793d42eb7bc251db,,
マクドナルド 四谷橋通り府中店,テラス席ワンコ🆗です,https://www.google.com/maps/place/%E3%83%9E%E3%82%AF%E3%83%89%E3%83%8A%E3%83%AB%E3%83%89+%E5%9B%9B%E8%B0%B7%E6%A9%8B%E9%80%9A%E3%82%8A%E5%BA%9C%E4%B8%AD%E5%BA%97/data=!4m2!3m1!1s0x6018e47f06cfab77:0x5ef06fbda6e1567,,
PIZZA&WAFFLE BUSTERS（ピッツァ&ワッフル バスターズ）,テラス席ワンコ🆗、テラス席は味スタや武蔵野の森でイベント開催時のみかもしれないので事前に確認,https://www.google.com/maps/place/PIZZA%26WAFFLE+BUSTERS%EF%BC%88%E3%83%94%E3%83%83%E3%83%84%E3%82%A1%26%E3%83%AF%E3%83%83%E3%83%95%E3%83%AB+%E3%83%90%E3%82%B9%E3%82%BF%E3%83%BC%E3%82%BA%EF%BC%89/data=!4m2!3m1!1s0x6018fb63a12475b9:0x8989ded88d180e39,,
Roller Coast,店内一部でワンコ🆗,https://www.google.com/maps/place/Roller+Coast/data=!4m2!3m1!1s0x60185d3b3be2516b:0x1b572c1a17232f48,,
肉菜工房 うしすけ クロスガーデン多摩店,店内ワンコ🆗,https://www.google.com/maps/place/%E8%82%89%E8%8F%9C%E5%B7%A5%E6%88%BF+%E3%81%86%E3%81%97%E3%81%99%E3%81%91+%E3%82%AF%E3%83%AD%E3%82%B9%E3%82%AC%E3%83%BC%E3%83%87%E3%83%B3%E5%A4%9A%E6%91%A9%E5%BA%97/data=!4m2!3m1!1s0x6018fccb3aa3a43d:0xb5e1cbc7436aa110,,
エミリーフローゲ,テラス席ワンコ🆗、暖房器具あり、ブランケット貸出あり,https://www.google.com/maps/place/%E3%82%A8%E3%83%9F%E3%83%AA%E3%83%BC%E3%83%95%E3%83%AD%E3%83%BC%E3%82%B2/data=!4m2!3m1!1s0x6018e1709ca4f1bf:0xcead680d20d175a6,,
ジョナサン 稲田堤店,テラス席ワンコ🆗,https://www.google.com/maps/place/%E3%82%B8%E3%83%A7%E3%83%8A%E3%82%B5%E3%83%B3+%E7%A8%B2%E7%94%B0%E5%A0%A4%E5%BA%97/data=!4m2!3m1!1s0x6018fa9d220c164b:0x1bd74f8e81cda439,,
カフェクーラ,"夏季限定のかき氷カフェ、
テラス席ワンコ🆗、屋根あり。",https://www.google.com/maps/place/%E3%82%AB%E3%83%95%E3%82%A7%E3%82%AF%E3%83%BC%E3%83%A9/data=!4m2!3m1!1s0x6018e5a63c60836f:0x573a1847adbd3dc5,,
カフェドフルリュス27,テラス席ワンコ🆗,https://www.google.com/maps/place/%E3%82%AB%E3%83%95%E3%82%A7%E3%83%89%E3%83%95%E3%83%AB%E3%83%AA%E3%83%A5%E3%82%B927/data=!4m2!3m1!1s0x6018e4a3eb8cb7f5:0xb88242549e3623e7,,
星乃珈琲店 稲城店,店内一部でワンコ🆗,https://www.google.com/maps/place/%E6%98%9F%E4%B9%83%E7%8F%88%E7%90%B2%E5%BA%97+%E7%A8%B2%E5%9F%8E%E5%BA%97/data=!4m2!3m1!1s0x6018fad37474eff5:0x5f626957251deafc,,
熊祥,テラス席ワンコ🆗、マンション1F構内に席があり、日除け・雨除けは問題なし。,https://www.google.com/maps/place/%E7%86%8A%E7%A5%A5/data=!4m2!3m1!1s0x6018e43f968a46e9:0x72414b7c66552f2e,,
スターバックス コーヒー 府中くるる店,テラス席ワンコ🆗、日除け・雨除け・風除けいずれもなし,https://www.google.com/maps/place/%E3%82%B9%E3%82%BF%E3%83%BC%E3%83%90%E3%83%83%E3%82%AF%E3%82%B9+%E3%82%B3%E3%83%BC%E3%83%92%E3%83%BC+%E5%BA%9C%E4%B8%AD%E3%81%8F%E3%82%8B%E3%82%8B%E5%BA%97/data=!4m2!3m1!1s0x6018e4e4b9c458ef:0x593f3854649177de,,
MOTHERS ORIENTAL,テラス席ワンコ🆗、屋根つき、ソファー席でオシャレな感じ、ストーブのそばの席は暖かい,https://www.google.com/maps/place/MOTHERS+ORIENTAL/data=!4m2!3m1!1s0x6018e1706115d35f:0x63d5641f12cc2407,,
QUAYS pacific grill,"テラス席ワンコ🆗です
テラス席ですが、風防のビニールカーテン＆暖房付きで冬でも快適に過ごせます。インテリアもオシャレです。
朝食営業あり(8時〜)メニュー豊富、あさんぽで寄れるのがイイです
ワンコメニューあり(チキンorビーフ)",https://www.google.com/maps/place/QUAYS+pacific+grill/data=!4m2!3m1!1s0x60185da8ac39b603:0x44313f2fa8705fa5,,
デルソル 高円寺店,テラス席ワンコ🆗、人通り多いが狭い道なのでそこまで騒がしくない,https://www.google.com/maps/place/%E3%83%87%E3%83%AB%E3%82%BD%E3%83%AB+%E9%AB%98%E5%86%86%E5%AF%BA%E5%BA%97/data=!4m2!3m1!1s0x6018f27d9754b94f:0x802d5447dd8a8223,,
GOOD SOUND COFFEE グッドサウンドコーヒー 立川店,テラス席ワンコ🆗、一部屋根あり。,https://www.google.com/maps/place/GOOD+SOUND+COFFEE+%E3%82%B0%E3%83%83%E3%83%89%E3%82%B5%E3%82%A6%E3%83%B3%E3%83%89%E3%82%B3%E3%83%BC%E3%83%92%E3%83%BC+%E7%AB%8B%E5%B7%9D%E5%BA%97/data=!4m2!3m1!1s0x6018e1ae9c916e11:0xdc6a125d62e9958a,,
マクドナルド 武蔵境北口店,テラス席ワンコ🆗,https://www.google.com/maps/place/%E3%83%9E%E3%82%AF%E3%83%89%E3%83%8A%E3%83%AB%E3%83%89+%E6%AD%A6%E8%94%B5%E5%A2%83%E5%8C%97%E5%8F%A3%E5%BA%97/data=!4m2!3m1!1s0x6018ef9eca297865:0xeadfdd59ac9982bc,,
Cafe Sacai,テラス席ワンコ🆗、中央線架線下にあるため日除け・雨除けは問題なし。,https://www.google.com/maps/place/Cafe+Sacai/data=!4m2!3m1!1s0x6018ef9cd5ac8ddf:0xce47fe2299ee1be1,,
立川松栄寿司,店内ワンコ🆗。座敷席も利用可能。ワンコ用に茹でたマグロ血合と茹汁が頂ける。ペットとお寿司が食べれる貴重なお店。ペットホテルも併設。,https://www.google.com/maps/place/%E7%AB%8B%E5%B7%9D%E6%9D%BE%E6%A0%84%E5%AF%BF%E5%8F%B8/data=!4m2!3m1!1s0x6018e19aa95180cb:0xd88053ff66c28c90,,
サブウェイ 国立富士見台店,テラス席ワンコ🆗。屋根ありのため雨除け・日除けは問題なし。,https://www.google.com/maps/place/%E3%82%B5%E3%83%96%E3%82%A6%E3%82%A7%E3%82%A4+%E5%9B%BD%E7%AB%8B%E5%AF%8C%E5%A3%AB%E8%A6%8B%E5%8F%B0%E5%BA%97/data=!4m2!3m1!1s0x6018e40ab38f78bb:0x345c1d2ab25df4c3,,
御休み処,"店頭のベンチ席ワンコ🆗、神社内にあり雰囲気がある穴場。植樹が多く日除けは問題なし。
雨除け・風除けはなし。",https://www.google.com/maps/place/%E5%BE%A1%E4%BC%91%E3%81%BF%E5%87%A6/data=!4m2!3m1!1s0x6018e4e51659aaab:0x25dac05aab50e1c3,,
菩提樹,テラス席ワンコ🆗、日除け・雨除け・風除けいずれもなし。,https://www.google.com/maps/place/%E8%8F%A9%E6%8F%90%E6%A8%B9/data=!4m2!3m1!1s0x6018e4e69173bdbd:0xa966ba2b297ff4ce,,
カフェ・ド・クリエ ケヤキゲート府中店,テラス席ワンコ🆗、商業施設内のため屋根があり、日除け雨除けは問題なし。,https://www.google.com/maps/place/%E3%82%AB%E3%83%95%E3%82%A7%E3%83%BB%E3%83%89%E3%83%BB%E3%82%AF%E3%83%AA%E3%82%A8+%E3%82%B1%E3%83%A4%E3%82%AD%E3%82%B2%E3%83%BC%E3%83%88%E5%BA%9C%E4%B8%AD%E5%BA%97/data=!4m2!3m1!1s0x6018e5a2103dde41:0x93d259f82109446d,,
バイキングレストラン 東北牧場,ホテル1Fのレストラン、テラス席ワンコ🆗、屋根ありだが、冷暖房器具はなし、冬は寒い、BBQや鍋プランなどいろんな企画がある。,https://www.google.com/maps/place/%E3%83%90%E3%82%A4%E3%82%AD%E3%83%B3%E3%82%B0%E3%83%AC%E3%82%B9%E3%83%88%E3%83%A9%E3%83%B3+%E6%9D%B1%E5%8C%97%E7%89%A7%E5%A0%B4/data=!4m2!3m1!1s0x6018e4fb50425a2f:0xf54354f6ec50b4dc,,
史跡の駅 おたカフェ,テラス席ワンコ🆗、雨除けなし。敷地内は植樹にあふれているため日除け・風除けはある程度問題なし。,https://www.google.com/maps/place/%E5%8F%B2%E8%B7%A1%E3%81%AE%E9%A7%85+%E3%81%8A%E3%81%9F%E3%82%AB%E3%83%95%E3%82%A7/data=!4m2!3m1!1s0x6018e446db2e3617:0xce871e68c3674c23,,
コパデカフェ（CopadeCafe）,店頭にワンコ連れ向けの休憩ベンチスペースあり。屋根あり。,https://www.google.com/maps/place/%E3%82%B3%E3%83%91%E3%83%87%E3%82%AB%E3%83%95%E3%82%A7%EF%BC%88CopadeCafe%EF%BC%89/data=!4m2!3m1!1s0x6018e4faf0edd263:0x24e87346bde0184b,,
茶処 てんてん,谷保天満宮の梅園の売店、梅園内の休憩スペースを利用。日除け・雨除け・風除けいずれもなし。,https://www.google.com/maps/place/%E8%8C%B6%E5%87%A6+%E3%81%A6%E3%82%93%E3%81%A6%E3%82%93/data=!4m2!3m1!1s0x6018e389782f6e73:0xdc57a874fddec4a,,
インディハウス,ドッグフレンドリー、店内ワンコ🆗、ワンコメニュー豊富、記念日向けケーキなどの依頼も可能。,https://www.google.com/maps/place/%E3%82%A4%E3%83%B3%E3%83%87%E3%82%A3%E3%83%8F%E3%82%A6%E3%82%B9/data=!4m2!3m1!1s0x6018e4f8d1e09c05:0x5af9782e2b12cc05,,
立ち呑み たぬき,外席ワンコ🆗、雨除け・風除けなし。夜のみなので日除けの考慮不要。冬は一部コタツ席にするとの情報あるが未確認。,https://www.google.com/maps/place/%E7%AB%8B%E3%81%A1%E5%91%91%E3%81%BF+%E3%81%9F%E3%81%AC%E3%81%8D/data=!4m2!3m1!1s0x6018e4ef441c2065:0xa721a774e6e25f72,,
スターバックス コーヒー 聖蹟桜ヶ丘オーパ店,テラス席ワンコ🆗、雨除け・風除けいずれもなし。駅前商業施設1Fで北向きのため日陰。,https://www.google.com/maps/place/%E3%82%B9%E3%82%BF%E3%83%BC%E3%83%90%E3%83%83%E3%82%AF%E3%82%B9+%E3%82%B3%E3%83%BC%E3%83%92%E3%83%BC+%E8%81%96%E8%B9%9F%E6%A1%9C%E3%83%B6%E4%B8%98%E3%82%AA%E3%83%BC%E3%83%91%E5%BA%97/data=!4m2!3m1!1s0x6018e49fe4fae531:0x205072449975cbcd,,
アラカラバル,外席ワンコ🆗、マンション1Fの一部スペースを利用するため雨除け日除けは問題なし。風除け、暖房器具なし。夏場はスポットクーラーあり。,https://www.google.com/maps/place/%E3%82%A2%E3%83%A9%E3%82%AB%E3%83%A9%E3%83%90%E3%83%AB/data=!4m2!3m1!1s0x6018e4ef5cdf3217:0xaa9ceb001dea6365,,
東京いちごカフェ,外席ワンコ🆗。イステーブルがあるのみで、雨除け日除けもなし。,https://www.google.com/maps/place/%E6%9D%B1%E4%BA%AC%E3%81%84%E3%81%A1%E3%81%94%E3%82%AB%E3%83%95%E3%82%A7/data=!4m2!3m1!1s0x6018e5062c665ebb:0xd95b7d27452348be,,
湘南パンケーキ 府中店,テラス席ワンコ🆗、駅架線下にあるため、雨除け日除けは問題なし。,https://www.google.com/maps/place/%E6%B9%98%E5%8D%97%E3%83%91%E3%83%B3%E3%82%B1%E3%83%BC%E3%82%AD+%E5%BA%9C%E4%B8%AD%E5%BA%97/data=!4m2!3m1!1s0x6018e5d5f79a77a1:0x9211e9f94272ba6a,,
ZEBRA Coffee & Croissant 稲城中央公園店,テラス席ワンコ🆗,https://www.google.com/maps/place/ZEBRA+Coffee+%26+Croissant+%E7%A8%B2%E5%9F%8E%E4%B8%AD%E5%A4%AE%E5%85%AC%E5%9C%92%E5%BA%97/data=!4m2!3m1!1s0x6018fb7ad382b471:0x13bff332827144d1,,
Madre ハーブとスパイス料理のワイン食堂,外席ワンコ🆗、ブランケット貸出あり、駅前商業施設内のため駐車場・駐輪場完備,https://www.google.com/maps/place/Madre+%E3%83%8F%E3%83%BC%E3%83%96%E3%81%A8%E3%82%B9%E3%83%91%E3%82%A4%E3%82%B9%E6%96%99%E7%90%86%E3%81%AE%E3%83%AF%E3%82%A4%E3%83%B3%E9%A3%9F%E5%A0%82/data=!4m2!3m1!1s0x6018e52bd9414e8f:0x1c7025fe5c390655,,
